{"Jlati":22.1342763,"Jlongi":-100.98636359999999}